<?xml version="1.0" encoding="UTF-8"?>
<jobs xmlns="http://www.demandware.com/xml/impex/jobs/2015-07-01">
    <job job-id="ClydeCancelOrder" priority="0">
        <description/>
        <parameters/>
        <flow>
            <context site-id="RefArch"/>
            <step step-id="job-workflow-step-cancel-order" type="custom.SendCancelOrders" enforce-restart="false">
                <description/>
                <parameters>
                    <parameter name="Is dry run">true</parameter>
                </parameters>
            </step>
        </flow>
        <rules/>
        <triggers>
            <run-once enabled="false">
                <date>2019-11-13Z</date>
                <time>20:13:21.000Z</time>
            </run-once>
        </triggers>
    </job>

    <job job-id="ClydeCreateOrder" priority="0">
        <description/>
        <parameters/>
        <flow>
            <context site-id="RefArch"/>
            <step step-id="job-workflow-step-create-order" type="custom.SendOrders" enforce-restart="false">
                <description>This Job will send the SFCC orders to Clyde based of the configuration.
 - Enable/Disable excluding contract orders.
 - Save the last run (send) time.
 - Schedule job will send the orders from last runtime till now(next schedule time)</description>
                <parameters>
                    <parameter name="Is dry run">false</parameter>
                </parameters>
            </step>
        </flow>
        <rules/>
        <triggers>
            <run-once enabled="false">
                <date>2019-11-07Z</date>
                <time>05:10:28.000Z</time>
            </run-once>
        </triggers>
    </job>
	<job job-id="ClydeProductBulkExport" priority="0">
        <description>Send products to clyde API</description>
        <parameters/>
        <flow>
            <context site-id="RefArch"/>
            <step step-id="job-workflow-step-bulk-product" type="custom.ClydeProductsExports" enforce-restart="false">
                <description/>
                <parameters>
                    <parameter name="isDryRun">false</parameter>
                </parameters>
            </step>
        </flow>
        <rules/>
        <triggers>
            <run-once enabled="false">
                <date>2019-11-20Z</date>
                <time>10:12:42.000Z</time>
            </run-once>
        </triggers>
    </job>
    <job job-id="ClydeProductDeltaExport" priority="0">
        <description/>
        <parameters/>
        <flow>
            <context site-id="RefArch"/>
            <step step-id="Reindex" type="SearchReindex" enforce-restart="false">
                <description/>
                <parameters>
                    <parameter name="Product related search indexes">true</parameter>
                    <parameter name="Active data search index">false</parameter>
                    <parameter name="Content search index">false</parameter>
                    <parameter name="Indexer Type">Full Index Rebuild</parameter>
                </parameters>
            </step>
            <step step-id="job-workflow-step-delta-product" type="custom.ClydeDeltaProductsExports" enforce-restart="false">
                <description/>
                <parameters>
                    <parameter name="isDryRun">false</parameter>
                </parameters>
            </step>
        </flow>
        <rules/>
        <triggers>
            <run-recurring enabled="true">
                <recurrence>
                    <date-from>2020-02-27Z</date-from>
                    <date-to>2020-06-26Z</date-to>
                    <start-time>18:16:57.000Z</start-time>
                    <interval>5m</interval>
                    <day-of-week/>
                </recurrence>
            </run-recurring>
        </triggers>
    </job>
</jobs>
