<?xml version="1.0" encoding="UTF-8"?>
<services xmlns="http://www.demandware.com/xml/impex/services/2014-09-26">
     <service-credential service-credential-id="clyde.credentials">
        <url>https://api.sb.joinclyde.com/</url>
    </service-credential>

    <service service-id="clyde.http">
        <service-type>HTTP</service-type>
        <enabled>true</enabled>
        <log-prefix>CLYDE</log-prefix>
        <comm-log-enabled>false</comm-log-enabled>
        <force-prd-enabled>true</force-prd-enabled>
        <mock-mode-enabled>false</mock-mode-enabled>
        <profile-id/>
        <credential-id>clyde.credentials</credential-id>
    </service>

</services>
