<?xml version="1.0" encoding="UTF-8"?>
<metadata xmlns="http://www.demandware.com/xml/impex/metadata/2006-10-31">
	<custom-type type-id="ClydeCancelLastOrderRunTime">
        <display-name xml:lang="x-default">ClydeCancelLastOrderRunTime</display-name>
        <staging-mode>no-staging</staging-mode>
        <storage-scope>site</storage-scope>
        <key-definition attribute-id="ID">
            <type>string</type>
            <min-length>0</min-length>
        </key-definition>
        <attribute-definitions>
            <attribute-definition attribute-id="lastRunTime">
                <display-name xml:lang="x-default">lastRunTime</display-name>
                <type>string</type>
                <localizable-flag>false</localizable-flag>
                <mandatory-flag>false</mandatory-flag>
                <externally-managed-flag>false</externally-managed-flag>
                <min-length>0</min-length>
            </attribute-definition>
        </attribute-definitions>
        <group-definitions>
            <attribute-group group-id="general">
                <display-name xml:lang="x-default">General</display-name>
                <attribute attribute-id="lastRunTime"/>
            </attribute-group>
        </group-definitions>
    </custom-type>

    <custom-type type-id="ClydeCreateLastOrderRunTime">
        <display-name xml:lang="x-default">ClydeCreateLastOrderRunTime</display-name>
        <description xml:lang="x-default">Last Odrer Run time values</description>
        <staging-mode>no-staging</staging-mode>
        <storage-scope>site</storage-scope>
        <key-definition attribute-id="ID">
            <type>string</type>
            <min-length>0</min-length>
        </key-definition>
        <attribute-definitions>
            <attribute-definition attribute-id="lastRunTime">
                <display-name xml:lang="x-default">lastRunTime</display-name>
                <type>string</type>
                <localizable-flag>false</localizable-flag>
                <mandatory-flag>false</mandatory-flag>
                <externally-managed-flag>false</externally-managed-flag>
                <min-length>0</min-length>
            </attribute-definition>
        </attribute-definitions>
        <group-definitions>
            <attribute-group group-id="general">
                <display-name xml:lang="x-default">General</display-name>
                <attribute attribute-id="lastRunTime"/>
            </attribute-group>
        </group-definitions>
    </custom-type>
	
	<custom-type type-id="ClydeJobConfigs">
        <staging-mode>no-staging</staging-mode>
        <storage-scope>site</storage-scope>
        <key-definition attribute-id="JobName">
            <type>string</type>
            <min-length>0</min-length>
        </key-definition>
        <attribute-definitions>
            <attribute-definition attribute-id="clydeLastRunTime">
                <display-name xml:lang="x-default">Last Run Time</display-name>
                <type>datetime</type>
                <localizable-flag>false</localizable-flag>
                <mandatory-flag>false</mandatory-flag>
                <externally-managed-flag>false</externally-managed-flag>
            </attribute-definition>
        </attribute-definitions>
        <group-definitions>
            <attribute-group group-id="lastRunTime">
                <display-name xml:lang="x-default">Last Run Time</display-name>
                <attribute attribute-id="JobName"/>
                <attribute attribute-id="clydeLastRunTime"/>
            </attribute-group>
        </group-definitions>
    </custom-type>
    
</metadata>
