<?xml version="1.0" encoding="UTF-8"?>
<metadata xmlns="http://www.demandware.com/xml/impex/metadata/2006-10-31">
   <type-extension type-id="Basket">
       <custom-attribute-definitions>
            <attribute-definition attribute-id="clydeContractProductList">
                <display-name xml:lang="x-default">Clyde Contract Product List</display-name>
                <description xml:lang="x-default">This is to store contract sku and product sku.</description>
                <type>text</type>
                <mandatory-flag>false</mandatory-flag>
                <externally-managed-flag>false</externally-managed-flag>
            </attribute-definition>
        </custom-attribute-definitions>
        <group-definitions>
            <attribute-group group-id="clyde">
                <display-name xml:lang="x-default">Clyde</display-name>
                <attribute attribute-id="clydeContractProductList"/>
            </attribute-group>
        </group-definitions>
    </type-extension>
	<type-extension type-id="Order">
		<custom-attribute-definitions>
		 <attribute-definition attribute-id="clydeContractProductMapping">
                <display-name xml:lang="x-default">Clyde Contract Product Mapping</display-name>
                <type>text</type>
                <mandatory-flag>false</mandatory-flag>
                <externally-managed-flag>false</externally-managed-flag>
            </attribute-definition>
            <attribute-definition attribute-id="isContainClydeContract">
                <display-name xml:lang="x-default">Clyde Contract</display-name>
                <type>boolean</type>
                <mandatory-flag>false</mandatory-flag>
                <externally-managed-flag>false</externally-managed-flag>
            </attribute-definition>
        </custom-attribute-definitions>
		<group-definitions>
			<attribute-group group-id="Clyde">
                <display-name xml:lang="x-default">Clyde</display-name>
                <attribute attribute-id="isContainClydeContract"/>
                <attribute attribute-id="clydeContractProductMapping"/>
            </attribute-group>
		</group-definitions>
	</type-extension>
    <type-extension type-id="SitePreferences">
        <custom-attribute-definitions>
            <attribute-definition attribute-id="clydeAPIKey">
                <display-name xml:lang="x-default">API Key</display-name>
                <type>string</type>
                <mandatory-flag>false</mandatory-flag>
                <externally-managed-flag>false</externally-managed-flag>
                <min-length>0</min-length>
            </attribute-definition>
            <attribute-definition attribute-id="clydeSigningSecret">
                <display-name xml:lang="x-default">Signing Secret</display-name>
                <type>string</type>
                <mandatory-flag>false</mandatory-flag>
                <externally-managed-flag>false</externally-managed-flag>
                <min-length>0</min-length>
            </attribute-definition>
			<attribute-definition attribute-id="syncOnlyContractOrders">
                <display-name xml:lang="x-default">Send only Clyde contract orders</display-name>
                <description xml:lang="x-default">Send only orders which contents Clyde contract as one of the product line item.</description>
                <type>boolean</type>
                <mandatory-flag>false</mandatory-flag>
                <externally-managed-flag>false</externally-managed-flag>
            </attribute-definition>
            <attribute-definition attribute-id="clydeDateForDays">
                <display-name xml:lang="x-default">Clyde Date For Days</display-name>
                <type>string</type>
                <mandatory-flag>false</mandatory-flag>
                <externally-managed-flag>false</externally-managed-flag>
                <min-length>0</min-length>
                <default-value>60</default-value>
            </attribute-definition>
            <attribute-definition attribute-id="clydeWidgetEnviroment">
                <display-name xml:lang="x-default">Clyde Widget Environment</display-name>
                <type>string</type>
                <mandatory-flag>false</mandatory-flag>
                <externally-managed-flag>false</externally-managed-flag>
                <min-length>0</min-length>
            </attribute-definition>
            <attribute-definition attribute-id="clydeWidgetType">
                <display-name xml:lang="x-default">Clyde Widget Type</display-name>
                <type>string</type>
                <mandatory-flag>false</mandatory-flag>
                <externally-managed-flag>false</externally-managed-flag>
                <min-length>0</min-length>
            </attribute-definition>
             <attribute-definition attribute-id="clydeWidgetDisplay">
                <display-name xml:lang="x-default">Clyde Widget Display</display-name>
                <description xml:lang="x-default">If enabled Clyde contracts widget will be displayed on the page else widget will not displayed.</description>
                <type>boolean</type>
                <mandatory-flag>false</mandatory-flag>
                <externally-managed-flag>false</externally-managed-flag>
                <default-value>true</default-value>
            </attribute-definition>
        </custom-attribute-definitions>
        <group-definitions>
           <attribute-group group-id="Clyde">
                <display-name xml:lang="x-default">Clyde</display-name>
                <attribute attribute-id="clydeAPIKey"/>
                <attribute attribute-id="clydeSigningSecret"/>
                <attribute attribute-id="syncOnlyContractOrders"/>
                <attribute attribute-id="clydeDateForDays"/>
                <attribute attribute-id="clydeWidgetEnviroment"/>
                <attribute attribute-id="clydeWidgetType"/>
                <attribute attribute-id="clydeWidgetDisplay"/>
            </attribute-group>
        </group-definitions>
    </type-extension>
</metadata>
