<?xml version="1.0" encoding="UTF-8"?>
<inventory xmlns="http://www.demandware.com/xml/impex/inventory/2007-05-31">
    <inventory-list>
        <header list-id="inventory">
            <default-instock>false</default-instock>
            <description>Product Sku inventory</description>
            <use-bundle-inventory-only>false</use-bundle-inventory-only>
            <on-order>false</on-order>
        </header>

        <records>
            <record product-id="clydeproduct01">
                <allocation>100</allocation>
                <perpetual>true</perpetual>
                <preorder-backorder-handling>none</preorder-backorder-handling>
                <on-order>0</on-order>
                <turnover>0</turnover>
            </record>

            <record product-id="clydeproduct02"> 
                <allocation>100</allocation> 
                <perpetual>true</perpetual>
                <preorder-backorder-handling>none</preorder-backorder-handling>
                <on-order>0</on-order>
                <turnover>0</turnover>
            </record>

            <record product-id="clydeproduct03"> 
                <perpetual>true</perpetual>
                <preorder-backorder-handling>none</preorder-backorder-handling>
                <on-order>0</on-order>
                <turnover>0</turnover>
            </record>

            <record product-id="clydeproduct04">
                <perpetual>true</perpetual>
                <preorder-backorder-handling>none</preorder-backorder-handling>
                <on-order>0</on-order>
                <turnover>0</turnover>
            </record>

            <record product-id="clydeproduct05">
                <perpetual>true</perpetual>
                <preorder-backorder-handling>none</preorder-backorder-handling>
                <on-order>0</on-order>
                <turnover>0</turnover>
            </record>

            <record product-id="clydeproduct06">
                <perpetual>true</perpetual>
                <preorder-backorder-handling>none</preorder-backorder-handling>
                <on-order>0</on-order>
                <turnover>0</turnover>
            </record>

            <record product-id="clydeproduct07">
                <perpetual>true</perpetual>
                <preorder-backorder-handling>none</preorder-backorder-handling>
                <on-order>0</on-order>
                <turnover>0</turnover>
            </record>

            <record product-id="clydeproduct08">
                <perpetual>true</perpetual>
                <preorder-backorder-handling>none</preorder-backorder-handling>
                <on-order>0</on-order>
                <turnover>0</turnover>
            </record>

            <record product-id="clydeproduct09">
                <perpetual>true</perpetual>
                <preorder-backorder-handling>none</preorder-backorder-handling>
                <on-order>0</on-order>
                <turnover>0</turnover>
            </record>

            <record product-id="clydeproduct10">
                <perpetual>true</perpetual>
                <preorder-backorder-handling>none</preorder-backorder-handling>
                <on-order>0</on-order>
                <turnover>0</turnover>
            </record>

            <record product-id="clydeproduct11">
                <perpetual>true</perpetual>
                <preorder-backorder-handling>none</preorder-backorder-handling>
                <on-order>0</on-order>
                <turnover>0</turnover>
            </record>
            
             <record product-id="clydeproduct12">
                <perpetual>true</perpetual>
                <preorder-backorder-handling>none</preorder-backorder-handling>
                <on-order>0</on-order>
                <turnover>0</turnover>
            </record>
            
            <record product-id="clydeproduct13">
               <allocation>100</allocation>
                <perpetual>true</perpetual>
                <preorder-backorder-handling>none</preorder-backorder-handling>
                <on-order>0</on-order>
                <turnover>0</turnover>
            </record>
            
            <record product-id="clydeproduct14">
                <perpetual>true</perpetual>
                <preorder-backorder-handling>none</preorder-backorder-handling>
                <on-order>0</on-order>
                <turnover>0</turnover>
            </record>
            
            <record product-id="clydeproduct15">
                <perpetual>true</perpetual>
                <preorder-backorder-handling>none</preorder-backorder-handling> 
                <on-order>0</on-order>
                <turnover>0</turnover>
            </record>
            
            <record product-id="clydeproduct16">
                <perpetual>true</perpetual>
                <preorder-backorder-handling>none</preorder-backorder-handling>
                <on-order>0</on-order>
                <turnover>0</turnover>
            </record>
            
            <record product-id="clydeproduct17">
                <perpetual>true</perpetual>
                <preorder-backorder-handling>none</preorder-backorder-handling>
                <on-order>0</on-order>
                <turnover>0</turnover>
            </record>
            
            <record product-id="clydeproduct18">
                <perpetual>true</perpetual>
                <preorder-backorder-handling>none</preorder-backorder-handling>
                <on-order>0</on-order>
                <turnover>0</turnover>
            </record>
            
            <record product-id="clydeproduct19">
                <perpetual>true</perpetual>
                <preorder-backorder-handling>none</preorder-backorder-handling>
                <on-order>0</on-order>
                <turnover>0</turnover>
            </record>
            
            <record product-id="clydeproduct20">
                <perpetual>true</perpetual>
                <preorder-backorder-handling>none</preorder-backorder-handling>
                <on-order>0</on-order>
                <turnover>0</turnover>
            </record>
            
        </records>
    </inventory-list>
</inventory>
