<?xml version="1.0" encoding="UTF-8"?>
<jobs xmlns="http://www.demandware.com/xml/impex/jobs/2015-07-01">
    <job job-id="ExportOrders" priority="0">
        <description>This job export orders to yotpo.</description>
        <parameters/>
        <flow>
            <context site-id="SiteGenesis"/>
            <step step-id="ExportOrders-Yotpo-ExportOrders" type="ExecuteScriptModule" enforce-restart="false">
                <description/>
                <parameters>
                    <parameter name="ExecuteScriptModule.Module">/int_yotpo/cartridge/scripts/yotpo/job/ExportOrder.js</parameter>
                    <parameter name="ExecuteScriptModule.FunctionName">execute</parameter>
                    <parameter name="ExecuteScriptModule.Transactional">false</parameter>
                </parameters>
            </step>
        </flow>
        <rules/>
        <triggers>
            <run-once enabled="false">
                <date>2017-06-01Z</date>
                <time>06:30:42.000Z</time>
                <rules>
                    <on-exit status="ERROR">
                        <disable-trigger/>
                    </on-exit>
                </rules>
            </run-once>
        </triggers>
    </job>

    <job job-id="ExportOrdersPipeline" priority="0">
        <description>This is a pipeline based Job used to export orders to Yotpo.</description>
        <parameters/>
        <flow>
            <context site-id="SiteGenesis"/>
            <step step-id="ExportOrders-ExportOrders-Start" type="ExecutePipeline" enforce-restart="false">
                <description/>
                <parameters>
                    <parameter name="ExecutePipeline.Pipeline">ExportOrder-Start</parameter>
                </parameters>
            </step>
        </flow>
        <rules/>
        <triggers>
            <run-once enabled="false">
                <date>2017-06-02Z</date>
                <time>11:57:51.000Z</time>
            </run-once>
        </triggers>
    </job>
</jobs>
