<?xml version="1.0" encoding="UTF-8"?>
<services xmlns="http://www.demandware.com/xml/impex/services/2014-09-26">
    <service-credential service-credential-id="amazon.pay.charge.cancel.cred">
        <url>https://pay-api.amazon.:region/:environment/v1/charges/:chargeId/cancel</url>
        <user-id/>
        <password/>
    </service-credential>

    <service-credential service-credential-id="amazon.pay.charge.capture.cred">
        <url>https://pay-api.amazon.:region/:environment/v1/charges/:chargeId/capture</url>
        <user-id/>
        <password/>
    </service-credential>

    <service-credential service-credential-id="amazon.pay.charge.create.cred">
        <url>https://pay-api.amazon.:region/:environment/v1/charges/</url>
        <user-id/>
        <password/>
    </service-credential>

    <service-credential service-credential-id="amazon.pay.charge.get.cred">
        <url>https://pay-api.amazon.:region/:environment/v1/charges/:chargeId</url>
        <user-id/>
        <password/>
    </service-credential>

    <service-credential service-credential-id="amazon.pay.chargePermission.close.cred">
        <url>https://pay-api.amazon.:region/:environment/v1/chargePermissions/:chargePermissionId/close</url>
        <user-id/>
        <password/>
    </service-credential>

    <service-credential service-credential-id="amazon.pay.chargePermission.get.cred">
        <url>https://pay-api.amazon.:region/:environment/v1/chargePermissions/:chargePermissionId</url>
        <user-id/>
        <password/>
    </service-credential>

    <service-credential service-credential-id="amazon.pay.chargePermission.update.cred">
        <url>https://pay-api.amazon.:region/:environment/v1/chargePermissions/:chargePermissionId</url>
        <user-id/>
        <password/>
    </service-credential>

    <service-credential service-credential-id="amazon.pay.checkoutSession.create.cred">
        <url>https://pay-api.amazon.:region/:environment/v1/checkoutSessions</url>
        <user-id/>
        <password/>
    </service-credential>

    <service-credential service-credential-id="amazon.pay.checkoutSession.get.cred">
        <url>https://pay-api.amazon.:region/:environment/v1/checkoutSessions/:checkoutSessionId</url>
        <user-id/>
        <password/>
    </service-credential>

    <service-credential service-credential-id="amazon.pay.checkoutSession.update.cred">
        <url>https://pay-api.amazon.:region/:environment/v1/checkoutSessions/:checkoutSessionId</url>
        <user-id/>
        <password/>
    </service-credential>

    <service-credential service-credential-id="amazon.pay.refund.create.cred">
        <url>https://pay-api.amazon.:region/:environment/v1/refunds/</url>
        <user-id/>
        <password/>
    </service-credential>

    <service-credential service-credential-id="amazon.pay.refund.get.cred">
        <url>https://pay-api.amazon.:region/:environment/v1/refunds/:refundId</url>
        <user-id/>
        <password/>
    </service-credential>

    <service-profile service-profile-id="amazon.pay.charge.cancel.prof">
        <timeout-millis>5000</timeout-millis>
        <rate-limit-enabled>false</rate-limit-enabled>
        <rate-limit-calls>0</rate-limit-calls>
        <rate-limit-millis>0</rate-limit-millis>
        <cb-enabled>false</cb-enabled>
        <cb-calls>0</cb-calls>
        <cb-millis>0</cb-millis>
    </service-profile>

    <service-profile service-profile-id="amazon.pay.charge.capture.prof">
        <timeout-millis>5000</timeout-millis>
        <rate-limit-enabled>false</rate-limit-enabled>
        <rate-limit-calls>0</rate-limit-calls>
        <rate-limit-millis>0</rate-limit-millis>
        <cb-enabled>false</cb-enabled>
        <cb-calls>0</cb-calls>
        <cb-millis>0</cb-millis>
    </service-profile>

    <service-profile service-profile-id="amazon.pay.charge.create.prof">
        <timeout-millis>5000</timeout-millis>
        <rate-limit-enabled>false</rate-limit-enabled>
        <rate-limit-calls>0</rate-limit-calls>
        <rate-limit-millis>0</rate-limit-millis>
        <cb-enabled>false</cb-enabled>
        <cb-calls>0</cb-calls>
        <cb-millis>0</cb-millis>
    </service-profile>

    <service-profile service-profile-id="amazon.pay.charge.get.prof">
        <timeout-millis>5000</timeout-millis>
        <rate-limit-enabled>false</rate-limit-enabled>
        <rate-limit-calls>0</rate-limit-calls>
        <rate-limit-millis>0</rate-limit-millis>
        <cb-enabled>false</cb-enabled>
        <cb-calls>0</cb-calls>
        <cb-millis>0</cb-millis>
    </service-profile>

    <service-profile service-profile-id="amazon.pay.chargePermission.close.prof">
        <timeout-millis>5000</timeout-millis>
        <rate-limit-enabled>false</rate-limit-enabled>
        <rate-limit-calls>0</rate-limit-calls>
        <rate-limit-millis>0</rate-limit-millis>
        <cb-enabled>false</cb-enabled>
        <cb-calls>0</cb-calls>
        <cb-millis>0</cb-millis>
    </service-profile>

    <service-profile service-profile-id="amazon.pay.chargePermission.get.prof">
        <timeout-millis>5000</timeout-millis>
        <rate-limit-enabled>false</rate-limit-enabled>
        <rate-limit-calls>0</rate-limit-calls>
        <rate-limit-millis>0</rate-limit-millis>
        <cb-enabled>false</cb-enabled>
        <cb-calls>0</cb-calls>
        <cb-millis>0</cb-millis>
    </service-profile>

    <service-profile service-profile-id="amazon.pay.chargePermission.update.prof">
        <timeout-millis>5000</timeout-millis>
        <rate-limit-enabled>false</rate-limit-enabled>
        <rate-limit-calls>0</rate-limit-calls>
        <rate-limit-millis>0</rate-limit-millis>
        <cb-enabled>false</cb-enabled>
        <cb-calls>0</cb-calls>
        <cb-millis>0</cb-millis>
    </service-profile>

    <service-profile service-profile-id="amazon.pay.checkoutSession.create.prof">
        <timeout-millis>5000</timeout-millis>
        <rate-limit-enabled>false</rate-limit-enabled>
        <rate-limit-calls>0</rate-limit-calls>
        <rate-limit-millis>0</rate-limit-millis>
        <cb-enabled>false</cb-enabled>
        <cb-calls>0</cb-calls>
        <cb-millis>0</cb-millis>
    </service-profile>

    <service-profile service-profile-id="amazon.pay.checkoutSession.get.prof">
        <timeout-millis>5000</timeout-millis>
        <rate-limit-enabled>false</rate-limit-enabled>
        <rate-limit-calls>0</rate-limit-calls>
        <rate-limit-millis>0</rate-limit-millis>
        <cb-enabled>false</cb-enabled>
        <cb-calls>0</cb-calls>
        <cb-millis>0</cb-millis>
    </service-profile>

    <service-profile service-profile-id="amazon.pay.checkoutSession.update.prof">
        <timeout-millis>5000</timeout-millis>
        <rate-limit-enabled>false</rate-limit-enabled>
        <rate-limit-calls>0</rate-limit-calls>
        <rate-limit-millis>0</rate-limit-millis>
        <cb-enabled>false</cb-enabled>
        <cb-calls>0</cb-calls>
        <cb-millis>0</cb-millis>
    </service-profile>

    <service-profile service-profile-id="amazon.pay.refund.create.prof">
        <timeout-millis>5000</timeout-millis>
        <rate-limit-enabled>false</rate-limit-enabled>
        <rate-limit-calls>0</rate-limit-calls>
        <rate-limit-millis>0</rate-limit-millis>
        <cb-enabled>false</cb-enabled>
        <cb-calls>0</cb-calls>
        <cb-millis>0</cb-millis>
    </service-profile>

    <service-profile service-profile-id="amazon.pay.refund.get.prof">
        <timeout-millis>5000</timeout-millis>
        <rate-limit-enabled>false</rate-limit-enabled>
        <rate-limit-calls>0</rate-limit-calls>
        <rate-limit-millis>0</rate-limit-millis>
        <cb-enabled>false</cb-enabled>
        <cb-calls>0</cb-calls>
        <cb-millis>0</cb-millis>
    </service-profile>

    <service service-id="amazon.pay.charge.cancel">
        <service-type>HTTP</service-type>
        <enabled>true</enabled>
        <log-prefix>Charge-Cancel</log-prefix>
        <comm-log-enabled>true</comm-log-enabled>
        <force-prd-enabled>true</force-prd-enabled>
        <mock-mode-enabled>false</mock-mode-enabled>
        <profile-id>amazon.pay.charge.cancel.prof</profile-id>
        <credential-id>amazon.pay.charge.cancel.cred</credential-id>
    </service>

    <service service-id="amazon.pay.charge.capture">
        <service-type>HTTP</service-type>
        <enabled>true</enabled>
        <log-prefix>Charge-Capture</log-prefix>
        <comm-log-enabled>true</comm-log-enabled>
        <force-prd-enabled>true</force-prd-enabled>
        <mock-mode-enabled>false</mock-mode-enabled>
        <profile-id>amazon.pay.charge.capture.prof</profile-id>
        <credential-id>amazon.pay.charge.capture.cred</credential-id>
    </service>

    <service service-id="amazon.pay.charge.create">
        <service-type>HTTP</service-type>
        <enabled>true</enabled>
        <log-prefix>Charge-Create</log-prefix>
        <comm-log-enabled>true</comm-log-enabled>
        <force-prd-enabled>true</force-prd-enabled>
        <mock-mode-enabled>false</mock-mode-enabled>
        <profile-id>amazon.pay.charge.create.prof</profile-id>
        <credential-id>amazon.pay.charge.create.cred</credential-id>
    </service>

    <service service-id="amazon.pay.charge.get">
        <service-type>HTTP</service-type>
        <enabled>true</enabled>
        <log-prefix>Charge-Get</log-prefix>
        <comm-log-enabled>true</comm-log-enabled>
        <force-prd-enabled>true</force-prd-enabled>
        <mock-mode-enabled>false</mock-mode-enabled>
        <profile-id>amazon.pay.charge.get.prof</profile-id>
        <credential-id>amazon.pay.charge.get.cred</credential-id>
    </service>

    <service service-id="amazon.pay.chargePermission.close">
        <service-type>HTTP</service-type>
        <enabled>true</enabled>
        <log-prefix>ChargePermission-Close</log-prefix>
        <comm-log-enabled>true</comm-log-enabled>
        <force-prd-enabled>true</force-prd-enabled>
        <mock-mode-enabled>false</mock-mode-enabled>
        <profile-id>amazon.pay.chargePermission.close.prof</profile-id>
        <credential-id>amazon.pay.chargePermission.close.cred</credential-id>
    </service>

    <service service-id="amazon.pay.chargePermission.get">
        <service-type>HTTP</service-type>
        <enabled>true</enabled>
        <log-prefix>ChargePermission-Get</log-prefix>
        <comm-log-enabled>true</comm-log-enabled>
        <force-prd-enabled>true</force-prd-enabled>
        <mock-mode-enabled>false</mock-mode-enabled>
        <profile-id>amazon.pay.chargePermission.get.prof</profile-id>
        <credential-id>amazon.pay.chargePermission.get.cred</credential-id>
    </service>

    <service service-id="amazon.pay.chargePermission.update">
        <service-type>HTTP</service-type>
        <enabled>true</enabled>
        <log-prefix>ChargePermission-Update</log-prefix>
        <comm-log-enabled>true</comm-log-enabled>
        <force-prd-enabled>true</force-prd-enabled>
        <mock-mode-enabled>false</mock-mode-enabled>
        <profile-id>amazon.pay.chargePermission.update.prof</profile-id>
        <credential-id>amazon.pay.chargePermission.update.cred</credential-id>
    </service>

    <service service-id="amazon.pay.checkoutSession.create">
        <service-type>HTTP</service-type>
        <enabled>true</enabled>
        <log-prefix>CheckoutSession-Create</log-prefix>
        <comm-log-enabled>true</comm-log-enabled>
        <force-prd-enabled>true</force-prd-enabled>
        <mock-mode-enabled>false</mock-mode-enabled>
        <profile-id>amazon.pay.checkoutSession.create.prof</profile-id>
        <credential-id>amazon.pay.checkoutSession.create.cred</credential-id>
    </service>

    <service service-id="amazon.pay.checkoutSession.get">
        <service-type>HTTP</service-type>
        <enabled>true</enabled>
        <log-prefix>CheckoutSession-Get</log-prefix>
        <comm-log-enabled>true</comm-log-enabled>
        <force-prd-enabled>true</force-prd-enabled>
        <mock-mode-enabled>false</mock-mode-enabled>
        <profile-id>amazon.pay.checkoutSession.get.prof</profile-id>
        <credential-id>amazon.pay.checkoutSession.get.cred</credential-id>
    </service>

    <service service-id="amazon.pay.checkoutSession.update">
        <service-type>HTTP</service-type>
        <enabled>true</enabled>
        <log-prefix>CheckoutSession-Update</log-prefix>
        <comm-log-enabled>true</comm-log-enabled>
        <force-prd-enabled>true</force-prd-enabled>
        <mock-mode-enabled>false</mock-mode-enabled>
        <profile-id>amazon.pay.checkoutSession.update.prof</profile-id>
        <credential-id>amazon.pay.checkoutSession.update.cred</credential-id>
    </service>

    <service service-id="amazon.pay.refund.create">
        <service-type>HTTP</service-type>
        <enabled>true</enabled>
        <log-prefix>Refund-Create</log-prefix>
        <comm-log-enabled>true</comm-log-enabled>
        <force-prd-enabled>true</force-prd-enabled>
        <mock-mode-enabled>false</mock-mode-enabled>
        <profile-id>amazon.pay.refund.create.prof</profile-id>
        <credential-id>amazon.pay.refund.create.cred</credential-id>
    </service>

    <service service-id="amazon.pay.refund.get">
        <service-type>HTTP</service-type>
        <enabled>true</enabled>
        <log-prefix>Refund-Get</log-prefix>
        <comm-log-enabled>true</comm-log-enabled>
        <force-prd-enabled>true</force-prd-enabled>
        <mock-mode-enabled>false</mock-mode-enabled>
        <profile-id>amazon.pay.refund.get.prof</profile-id>
        <credential-id>amazon.pay.refund.get.cred</credential-id>
    </service>

</services>
